user_id,Username,anime_id,Anime Title,rating,document
104074,Ylandevinden,226,Elfen Lied,10,"title: elfen lied. genres: action, drama, horror, romance, supernatural. type: tv. episodes: unknown length. era: 2000s anime. source: manga. studio: arms. rating: r+ - mild nudity. synopsis: lucy is a special breed of human referred to as ""diclonius,"" born with a short pair of horns and invisible telekinetic hands that lands her as a victim of inhumane scientific experimentation by the government. however, once circumstances present her an opportunity to escape, lucy, corrupted by the confinement and torture, unleashes a torrent of bloodshed as she escapes her captors. during her breakout, she receives a crippling head injury that leaves her with a split personality: someone with the mentality of a harmless child possessing limited speech capacity. in this state of instability, she stumbles upon two college students, kouta and his cousin yuka, who unknowingly take an injured fugitive into their care, unaware of her murderous tendencies. this act of kindness will change their lives, as they soon find themselves dragged into the shadowy world of government secrecy and conspiracy.."
104074,Ylandevinden,136,Hunter x Hunter,10,"title: hunter x hunter. genres: action, adventure, fantasy. type: tv. episodes: unknown length. era: 90s anime. source: manga. studio: nippon animation. rating: pg-13 - teens 13 or older. synopsis: hunters are specialized in a wide variety of fields, ranging from treasure hunting to cooking. they have access to otherwise unavailable funds and information that allow them to pursue their dreams and interests. however, being a hunter is a special privilege, only attained by taking a deadly exam with an extremely low success rate. gon freecss, a 12-year-old boy with the hope of finding his missing father, sets out on a quest to take the hunter exam. along the way, he picks up three companions who also aim to take the dangerous test: the revenge-seeking kurapika, aspiring doctor leorio paladiknight, and a mischievous child the same age as gon, killua zoldyck. as the four aspiring hunters embark on a perilous adventure, they fight for their dreams while defying the odds.."
104074,Ylandevinden,138,Hunter x Hunter: Greed Island,10,"title: hunter x hunter: greed island. genres: action, adventure, fantasy. type: ova. episodes: unknown length. era: 2000s anime. source: manga. studio: nippon animation. rating: pg-13 - teens 13 or older. synopsis: after the battle with the spiders, the search for ging continues as gon and killua decided to once again attempt to purchase the rare game ""greed island."" however, gon came up with a better plan, which was to volunteer to complete the game for the billionaire who owned it. but some training must be done, as gon and killua's abilities are still at a developing stage and ""greed island"" is no simple game for anyone to play with. it is the infamous game that could easily lead to one's death. based on the manga by togashi yoshihiro.."
104074,Ylandevinden,139,Hunter x Hunter: Greed Island Final,10,"title: hunter x hunter: greed island final. genres: action, adventure, fantasy. type: ova. episodes: unknown length. era: 2000s anime. source: manga. studio: nippon animation. rating: pg-13 - teens 13 or older. synopsis: continuing with their adventure at greed island, gon and killua train furiously under the guidance of biscuit for better preparation at attempting the game. with their abilities vastly improving and the threat of player killers menacing greed island, gon and company continue the game despite the dangers that they will face with the game activities and encounters with other players. based on the manga by togashi yoshihiro.."
104074,Ylandevinden,269,Bleach,8,"title: bleach. genres: action, adventure, fantasy. type: tv. episodes: unknown length. era: 2000s anime. source: manga. studio: pierrot. rating: pg-13 - teens 13 or older. synopsis: ichigo kurosaki is an ordinary high schooler—until his family is attacked by a hollow, a corrupt spirit that seeks to devour human souls. it is then that he meets a soul reaper named rukia kuchiki, who gets injured while protecting ichigo's family from the assailant. to save his family, ichigo accepts rukia's offer of taking her powers and becomes a soul reaper as a result. however, as rukia is unable to regain her powers, ichigo is given the daunting task of hunting down the hollows that plague their town. however, he is not alone in his fight, as he is later joined by his friends—classmates orihime inoue, yasutora sado, and uryuu ishida—who each have their own unique abilities. as ichigo and his comrades get used to their new duties and support each other on and off the battlefield, the young soul reaper soon learns that the hollows are not the only real threat to the human world.."
104074,Ylandevinden,121,Fullmetal Alchemist,8,"title: fullmetal alchemist. genres: action, adventure, award winning, drama, fantasy. type: tv. episodes: unknown length. era: 2000s anime. source: manga. studio: bones. rating: r - 17+ (violence & profanity). synopsis: edward elric, a young, brilliant alchemist, has lost much in his twelve-year life: when he and his brother alphonse try to resurrect their dead mother through the forbidden act of human transmutation, edward loses his brother as well as two of his limbs. with his supreme alchemy skills, edward binds alphonse's soul to a large suit of armor. a year later, edward, now promoted to the fullmetal alchemist of the state, embarks on a journey with his younger brother to obtain the philosopher's stone. the fabled mythical object is rumored to be capable of amplifying an alchemist's abilities by leaps and bounds, thus allowing them to override the fundamental law of alchemy: to gain something, an alchemist must sacrifice something of equal value. edward hopes to draw into the military's resources to find the fabled stone and restore his and alphonse's bodies to normal. however, the elric brothers soon discover that there is more to the legendary stone than meets the eye, as they are led to the epicenter of a far darker battle than they could have ever imagined.."
104074,Ylandevinden,20,Naruto,8,"title: naruto. genres: action, adventure, fantasy. type: tv. episodes: unknown length. era: 2000s anime. source: manga. studio: pierrot. rating: pg-13 - teens 13 or older. synopsis: moments prior to naruto uzumaki's birth, a huge demon known as the kyuubi, the nine-tailed fox, attacked konohagakure, the hidden leaf village, and wreaked havoc. in order to put an end to the kyuubi's rampage, the leader of the village, the fourth hokage, sacrificed his life and sealed the monstrous beast inside the newborn naruto. now, naruto is a hyperactive and knuckle-headed ninja still living in konohagakure. shunned because of the kyuubi inside him, naruto struggles to find his place in the village, while his burning desire to become the hokage of konohagakure leads him not only to some great new friends, but also some deadly foes.."
104074,Ylandevinden,154,Shaman King,8,"title: shaman king. genres: action, adventure, comedy, supernatural. type: tv. episodes: unknown length. era: 2000s anime. source: manga. studio: xebec. rating: pg-13 - teens 13 or older. synopsis: a battle is about to begin in tokyo: the shaman fight, a tournament held every five hundred years where shaman—those who can command spirits—confront each other in combat. the victor of this contest becomes the shaman king and the only one who is able to contact and control the great spirit, allowing them to reshape the world as they please through its immense power. during a late night walk, manta oyamada runs into his classmate, the carefree you asakura, who invites him to come stargazing with some friends, who, to manta's horror, turn out to be ghosts from a local cemetery! however, the knowledge that manta possesses—a rare sixth sense that allows manta to see these spirits—endears the boy to you. so when you finds out that his new comrade has been beaten up by a local gang, he decides to avenge him with the help of amidamaru, a samurai ghost whose tomb was broken by the gang leader. soon manta uncovers more about the world of spirits, including the shaman fight, in which his new friend you aims to claim victory.."
338673,Riko89,5114,Fullmetal Alchemist: Brotherhood,9,"title: fullmetal alchemist: brotherhood. genres: action, adventure, drama, fantasy. type: tv. episodes: unknown length. era: 2000s anime. source: manga. studio: bones. rating: r - 17+ (violence & profanity). synopsis: after a horrific alchemy experiment goes wrong in the elric household, brothers edward and alphonse are left in a catastrophic new reality. ignoring the alchemical principle banning human transmutation, the boys attempted to bring their recently deceased mother back to life. instead, they suffered brutal personal loss: alphonse's body disintegrated while edward lost a leg and then sacrificed an arm to keep alphonse's soul in the physical realm by binding it to a hulking suit of armor. the brothers are rescued by their neighbor pinako rockbell and her granddaughter winry. known as a bio-mechanical engineering prodigy, winry creates prosthetic limbs for edward by utilizing ""automail,"" a tough, versatile metal used in robots and combat armor. after years of training, the elric brothers set off on a quest to restore their bodies by locating the philosopher's stone—a powerful gem that allows an alchemist to defy the traditional laws of equivalent exchange. as edward becomes an infamous alchemist and gains the nickname ""fullmetal,"" the boys' journey embroils them in a growing conspiracy that threatens the fate of the world.."
338673,Riko89,121,Fullmetal Alchemist,9,"title: fullmetal alchemist. genres: action, adventure, award winning, drama, fantasy. type: tv. episodes: unknown length. era: 2000s anime. source: manga. studio: bones. rating: r - 17+ (violence & profanity). synopsis: edward elric, a young, brilliant alchemist, has lost much in his twelve-year life: when he and his brother alphonse try to resurrect their dead mother through the forbidden act of human transmutation, edward loses his brother as well as two of his limbs. with his supreme alchemy skills, edward binds alphonse's soul to a large suit of armor. a year later, edward, now promoted to the fullmetal alchemist of the state, embarks on a journey with his younger brother to obtain the philosopher's stone. the fabled mythical object is rumored to be capable of amplifying an alchemist's abilities by leaps and bounds, thus allowing them to override the fundamental law of alchemy: to gain something, an alchemist must sacrifice something of equal value. edward hopes to draw into the military's resources to find the fabled stone and restore his and alphonse's bodies to normal. however, the elric brothers soon discover that there is more to the legendary stone than meets the eye, as they are led to the epicenter of a far darker battle than they could have ever imagined.."
338673,Riko89,430,Fullmetal Alchemist: The Conqueror of Shamballa,9,"title: fullmetal alchemist: the movie - conqueror of shamballa. genres: award winning, comedy, drama, fantasy. type: movie. episodes: unknown length. era: 2000s anime. source: manga. studio: bones. rating: r - 17+ (violence & profanity). synopsis: in desperation, edward elric sacrificed his body and soul to rescue his brother alphonse, and is now displaced in the heart of munich, germany. he struggles to adapt to a world completely foreign to him in the wake of the economic crisis that followed the end of world war i. isolated and unable to return home with his alchemy skills, edward continues to research other methods of escaping the prison alongside colleagues who bear striking resemblances to many of the people he left behind. as dissent brews among the german citizenry, its neighbors also feel the unrest of the humiliated nation. meanwhile, alphonse continues to investigate edward's disappearance, delving into the science of alchemy in the hopes of finally reuniting with his older brother.."
338673,Riko89,1735,Naruto: Shippuuden,8,"title: naruto shippuden. genres: action, adventure, fantasy. type: tv. episodes: unknown length. era: 2000s anime. source: manga. studio: pierrot. rating: pg-13 - teens 13 or older. synopsis: it has been two and a half years since naruto uzumaki left konohagakure, the hidden leaf village, for intense training following events which fueled his desire to be stronger. now akatsuki, the mysterious organization of elite rogue ninja, is closing in on their grand plan which may threaten the safety of the entire shinobi world. although naruto is older and sinister events loom on the horizon, he has changed little in personality—still rambunctious and childish—though he is now far more confident and possesses an even greater determination to protect his friends and home. come whatever may, naruto will carry on with the fight for what is important to him, even at the expense of his own body, in the continuation of the saga about the boy who wishes to become hokage.."
338673,Riko89,21,One Piece,8,"title: one piece. genres: action, adventure, fantasy. type: tv. episodes: unknown length. era: 90s anime. source: manga. studio: toei animation. rating: pg-13 - teens 13 or older. synopsis: gol d. roger was known as the ""pirate king,"" the strongest and most infamous being to have sailed the grand line. the capture and execution of roger by the world government brought a change throughout the world. his last words before his death revealed the existence of the greatest treasure in the world, one piece. it was this revelation that brought about the grand age of pirates, men who dreamed of finding one piece—which promises an unlimited amount of riches and fame—and quite possibly the pinnacle of glory and the title of the pirate king. enter monkey d. luffy, a 17-year-old boy who defies your standard definition of a pirate. rather than the popular persona of a wicked, hardened, toothless pirate ransacking villages for fun, luffy's reason for being a pirate is one of pure wonder: the thought of an exciting adventure that leads him to intriguing people and ultimately, the promised treasure. following in the footsteps of his childhood hero, luffy and his crew travel across the grand line, experiencing crazy adventures, unveiling dark mysteries and battling strong enemies, all in order to reach the most coveted of all fortunes—one piece.."
360537,iamcloud,269,Bleach,10,"title: bleach. genres: action, adventure, fantasy. type: tv. episodes: unknown length. era: 2000s anime. source: manga. studio: pierrot. rating: pg-13 - teens 13 or older. synopsis: ichigo kurosaki is an ordinary high schooler—until his family is attacked by a hollow, a corrupt spirit that seeks to devour human souls. it is then that he meets a soul reaper named rukia kuchiki, who gets injured while protecting ichigo's family from the assailant. to save his family, ichigo accepts rukia's offer of taking her powers and becomes a soul reaper as a result. however, as rukia is unable to regain her powers, ichigo is given the daunting task of hunting down the hollows that plague their town. however, he is not alone in his fight, as he is later joined by his friends—classmates orihime inoue, yasutora sado, and uryuu ishida—who each have their own unique abilities. as ichigo and his comrades get used to their new duties and support each other on and off the battlefield, the young soul reaper soon learns that the hollows are not the only real threat to the human world.."
360537,iamcloud,1735,Naruto: Shippuuden,10,"title: naruto shippuden. genres: action, adventure, fantasy. type: tv. episodes: unknown length. era: 2000s anime. source: manga. studio: pierrot. rating: pg-13 - teens 13 or older. synopsis: it has been two and a half years since naruto uzumaki left konohagakure, the hidden leaf village, for intense training following events which fueled his desire to be stronger. now akatsuki, the mysterious organization of elite rogue ninja, is closing in on their grand plan which may threaten the safety of the entire shinobi world. although naruto is older and sinister events loom on the horizon, he has changed little in personality—still rambunctious and childish—though he is now far more confident and possesses an even greater determination to protect his friends and home. come whatever may, naruto will carry on with the fight for what is important to him, even at the expense of his own body, in the continuation of the saga about the boy who wishes to become hokage.."
360537,iamcloud,431,Howl no Ugoku Shiro,10,"title: howl's moving castle. genres: adventure, award winning, drama, fantasy, romance. type: movie. episodes: unknown length. era: 2000s anime. source: novel. studio: studio ghibli. rating: g - all ages. synopsis: that jumbled piece of architecture, that cacophony of hissing steam and creaking joints, with smoke billowing from it as it moves on its own... that castle is home to the magnificent wizard howl, infamous for both his magical prowess and for being a womanizer—or so the rumor goes in sophie hatter's small town. sophie, as the plain daughter of a hatmaker, does not expect much from her future and is content with working hard in the shop. however, sophie's simple life takes a turn for the exciting when she is ensnared in a disturbing situation, and the mysterious wizard appears to rescue her. unfortunately, this encounter, brief as it may be, spurs the vain and vengeful witch of the waste—in a fit of jealousy caused by a past discord with howl—to put a curse on the maiden, turning her into an old woman. in an endeavor to return to normal, sophie must accompany howl and a myriad of eccentric companions—ranging from a powerful fire demon to a hopping scarecrow—in his living castle, on a dangerous adventure as a raging war tears their kingdom apart.."
360537,iamcloud,512,Majo no Takkyuubin,10,"title: kiki's delivery service. genres: adventure, award winning, comedy, drama, fantasy. type: movie. episodes: unknown length. era: classic anime. source: novel. studio: studio ghibli. rating: g - all ages. synopsis: kiki, a 13-year-old witch-in-training, must spend a year living on her own in a distant town in order to become a full-fledged witch. leaving her family and friends, kiki undertakes this tradition when she flies out into the open world atop her broomstick with her black cat jiji. as she settles down in the coastal town of koriko, kiki struggles to adapt and ends up wandering the streets with no place to stay—until she encounters osono, who offers kiki boarding in exchange for making deliveries for her small bakery. before long, kiki decides to open her own courier service by broomstick, beginning her journey to independence. in attempting to find her place among the townsfolk, kiki brings with her exciting new experiences and comes to understand the true meaning of responsibility.."
360537,iamcloud,164,Mononoke Hime,10,"title: princess mononoke. genres: action, adventure, award winning, fantasy. type: movie. episodes: unknown length. era: 90s anime. source: original. studio: studio ghibli. rating: pg-13 - teens 13 or older. synopsis: when an emishi village is attacked by a fierce demon boar, the young prince ashitaka puts his life at stake to defend his tribe. with its dying breath, the beast curses the prince's arm, granting him demonic powers while gradually siphoning his life away. instructed by the village elders to travel westward for a cure, ashitaka arrives at tatara, the iron town, where he finds himself embroiled in a fierce conflict: lady eboshi of tatara, promoting constant deforestation, stands against princess san and the sacred spirits of the forest, who are furious at the destruction brought by the humans. as the opposing forces of nature and mankind begin to clash in a desperate struggle for survival, ashitaka attempts to seek harmony between the two, all the while battling the latent demon inside of him. princess mononoke is a tale depicting the connection of technology and nature, while showing the path to harmony that could be achieved by mutual acceptance.."
360537,iamcloud,20,Naruto,10,"title: naruto. genres: action, adventure, fantasy. type: tv. episodes: unknown length. era: 2000s anime. source: manga. studio: pierrot. rating: pg-13 - teens 13 or older. synopsis: moments prior to naruto uzumaki's birth, a huge demon known as the kyuubi, the nine-tailed fox, attacked konohagakure, the hidden leaf village, and wreaked havoc. in order to put an end to the kyuubi's rampage, the leader of the village, the fourth hokage, sacrificed his life and sealed the monstrous beast inside the newborn naruto. now, naruto is a hyperactive and knuckle-headed ninja still living in konohagakure. shunned because of the kyuubi inside him, naruto struggles to find his place in the village, while his burning desire to become the hokage of konohagakure leads him not only to some great new friends, but also some deadly foes.."
360537,iamcloud,199,Sen to Chihiro no Kamikakushi,10,"title: spirited away. genres: adventure, award winning, supernatural. type: movie. episodes: unknown length. era: 2000s anime. source: original. studio: studio ghibli. rating: pg - children. synopsis: stubborn, spoiled, and naïve, 10-year-old chihiro ogino is less than pleased when she and her parents discover an abandoned amusement park on the way to their new house. cautiously venturing inside, she realizes that there is more to this place than meets the eye, as strange things begin to happen once dusk falls. ghostly apparitions and food that turns her parents into pigs are just the start—chihiro has unwittingly crossed over into the spirit world. now trapped, she must summon the courage to live and work amongst spirits, with the help of the enigmatic haku and the cast of unique characters she meets along the way. vivid and intriguing, sen to chihiro no kamikakushi tells the story of chihiro's journey through an unfamiliar world as she strives to save her parents and return home.."
360537,iamcloud,523,Tonari no Totoro,10,"title: my neighbor totoro. genres: adventure, award winning, supernatural. type: movie. episodes: unknown length. era: classic anime. source: original. studio: studio ghibli. rating: g - all ages. synopsis: in 1950s japan, tatsuo kusakabe relocates himself and his two daughters, satsuki and mei, to the countryside to be closer to their mother, who is hospitalized due to long-term illness. as the girls grow acquainted with rural life, mei encounters a small, bunny-like creature in the yard one day. chasing it into the forest, she finds ""totoro""—a giant, mystical forest spirit whom she soon befriends. before long, satsuki too meets totoro, and the two girls suddenly find their lives filled with magical adventures in nature and fantastical creatures of the woods.."
360537,iamcloud,936,Naruto Movie 2: Dai Gekitotsu! Maboroshi no Chiteiiseki Dattebayo!,9,"title: naruto the movie 2: legend of the stone of gelel. genres: action, adventure, fantasy. type: movie. episodes: unknown length. era: 2000s anime. source: manga. studio: pierrot. rating: pg-13 - teens 13 or older. synopsis: in a tumultuous effort, the sunagakure ninjas attempt to repel an unforeseen invasion of mysterious armored warriors on the land of wind. shortly afterwards, the same armored troops led by temujin—a skilled knight of impressive power—ambush naruto uzumaki, sakura haruno, and shikamaru nara, who are on a mission to recover a lost ferret. naruto and temujin engage in a fierce fight that ends with both of them falling off a cliff. taken aback by their friend's sudden misfortune, sakura and shikamaru witness yet another alarming development: a massive moving structure appears out of nowhere, ravaging any trees and rocks in its path. while sakura sets off to find naruto, shikamaru infiltrates the imposing fortress in hopes of learning more about the critical situation. entangled in a relentless conflict, the konohagakure ninjas join forces with their sunagakure counterparts to defeat the common enemy. however, amidst the turmoil, a clash between two different visions of an ideal world emerges.."
360537,iamcloud,2144,Naruto Movie 3: Dai Koufun! Mikazuki Jima no Animaru Panic Dattebayo!,9,"title: naruto the movie 3: guardians of the crescent moon kingdom. genres: action, adventure, fantasy. type: movie. episodes: unknown length. era: 2000s anime. source: manga. studio: pierrot. rating: pg-13 - teens 13 or older. synopsis: led by kakashi hatake, naruto uzumaki, sakura haruno, and rock lee are tasked to escort the extravagant prince michiru tsuki and his spoiled son hikaru to the prosperous land of moon when the two return from a long trip around the world. as if guarding two whimsical high-ranked individuals was not challenging enough, the prince's reckless decision to acquire an entire circus during their journey—mainly to entertain hikaru's wish of owning the saber-toothed tiger featured in the show—further propels the mission into disarray. just as things are finally settling down, the arrival of michiru's convoy at the land of moon is met with an unforeseen crisis—the greedy chief minister shabadaba has taken over the country with the assistance of mysterious, powerful ninjas. while kakashi's team relentlessly fights the enemy by any means necessary, the two princes are forced to confront a new outlook on life through adversity.."
360537,iamcloud,442,Naruto Movie 1: Dai Katsugeki!! Yuki Hime Shinobu Houjou Dattebayo!,8,"title: naruto the movie 1: ninja clash in the land of snow. genres: action, adventure, fantasy. type: movie. episodes: unknown length. era: 2000s anime. source: manga. studio: pierrot. rating: pg-13 - teens 13 or older. synopsis: naruto uzumaki and his squadmates, sasuke uchiha and sakura haruno, are sent on a mission to escort a movie crew on its way to film in the land of snow. they soon find out that they are accompanying a famous actress, yukie fujikaze, who persistently refuses to travel there, making the trip far more difficult than originally intended. after a surprising encounter with ninjas from the land of snow, naruto discovers that there is more to yukie than meets the eye. dai katsugeki!! yuki hime shinobu houjou dattebayo! follows the group as they attempt to overcome the obstacles in the land of snow and unveil yukie's true purpose there as well.."
360537,iamcloud,594,Naruto: Takigakure no Shitou - Ore ga Eiyuu Dattebayo!,8,"title: naruto: the lost story - mission: protect the waterfall village. genres: action, adventure, fantasy. type: special. episodes: unknown length. era: 2000s anime. source: manga. studio: pierrot. rating: pg-13 - teens 13 or older. synopsis: after safely escorting the cowardly takigakure leader shibuki to his homeland, naruto uzumaki, sasuke uchiha, and sakura haruno are taken aback by the village's sudden invasion of rogue ninjas. as their teacher kakashi hatake had departed for konohagakure beforehand, the team is left to deal with the attacking forces on their own. while the group prepares for a rescue operation, they learn that suien, the mastermind behind the assault, is pursuing the hero water—an elixir that briefly increases the chakra of those who drink it by tenfold. knowing that the liquid is in shibuki's possession, suien takes the villagers hostage to use them as a bargaining chip. despite the odds stacked against them, naruto fights the enemy heroically, spurring shibuki on to discover the courage to protect his people.."
537333,Z3R0FiR3,1,Cowboy Bebop,8,"title: cowboy bebop. genres: action, award winning, sci-fi. type: tv. episodes: unknown length. era: 90s anime. source: original. studio: sunrise. rating: r - 17+ (violence & profanity). synopsis: crime is timeless. by the year 2071, humanity has expanded across the galaxy, filling the surface of other planets with settlements like those on earth. these new societies are plagued by murder, drug use, and theft, and intergalactic outlaws are hunted by a growing number of tough bounty hunters. spike spiegel and jet black pursue criminals throughout space to make a humble living. beneath his goofy and aloof demeanor, spike is haunted by the weight of his violent past. meanwhile, jet manages his own troubled memories while taking care of spike and the bebop, their ship. the duo is joined by the beautiful con artist faye valentine, odd child edward wong hau pepelu tivrusky iv, and ein, a bioengineered welsh corgi. while developing bonds and working to catch a colorful cast of criminals, the bebop crew's lives are disrupted by a menace from spike's past. as a rival's maniacal plot continues to unravel, spike must choose between life with his newfound family or revenge for his old wounds.."
537333,Z3R0FiR3,2001,Tengen Toppa Gurren Lagann,8,"title: gurren lagann. genres: action, adventure, award winning, sci-fi. type: tv. episodes: unknown length. era: 2000s anime. source: original. studio: gainax. rating: pg-13 - teens 13 or older. synopsis: simon and kamina were born and raised in a deep, underground village, hidden from the fabled surface. kamina is a free-spirited loose cannon bent on making a name for himself, while simon is a timid young boy with no real aspirations. one day while excavating the earth, simon stumbles upon a mysterious object that turns out to be the ignition key to an ancient artifact of war, which the duo dubs lagann. using their new weapon, simon and kamina fend off a surprise attack from the surface with the help of yoko littner, a hot-blooded redhead wielding a massive gun who wanders the world above. in the aftermath of the battle, the sky is now in plain view, prompting simon and kamina to set off on a journey alongside yoko to explore the wastelands of the surface. soon, they join the fight against the ""beastmen,"" humanoid creatures that terrorize the remnants of humanity in powerful robots called ""gunmen."" although they face some challenges and setbacks, the trio bravely fights these new enemies alongside other survivors to reclaim the surface, while slowly unraveling a galaxy-sized mystery.."
537333,Z3R0FiR3,4106,Trigun: Badlands Rumble,8,"title: trigun - badlands rumble. genres: action, adventure, sci-fi. type: movie. episodes: unknown length. era: 2010s anime. source: manga. studio: madhouse. rating: pg-13 - teens 13 or older. synopsis: vash the stampede is a contradiction. he has a notorious reputation as ""the humanoid typhoon,"" laying anything he comes across to waste on the desolate planet of gunsmoke. however, vash is in fact very non-confrontational and kind-hearted, living by a code of pacifism. twenty years ago, a high-profile bank heist went sour. the ringleader, gasback gallon getaway, swore to get back at his backstabbing crew and the man who stopped him from killing them: vash the stampede. in the present day, the traitorous crew has been living the good life as successful entrepreneurs and politicians. although two decades have passed, gasback's bitterness has not waned as he aims to take them down one by one, by any means necessary. just in time to foil gasback's plot, vash has arrived in macca city. teaming up with the mysterious amelia ann mcfly, along with the insurance agents milly thompson and meryl stryfe, vash is ready to rumble.."
1099623,Gorokun,11697,Area no Kishi,10,"title: the knight in the area. genres: comedy, sports. type: tv. episodes: unknown length. era: 2010s anime. source: manga. studio: shin-ei animation. rating: pg-13 - teens 13 or older. synopsis: kakeru and suguru are brothers who both have a flaming passion for soccer. however, while suguru becomes a rising star in the japanese youth soccer system, kakeru decides to take on a managerial role after struggling on the field. but due to a cruel twist of fate, kakeru ends up reevaluating the role he has chosen. in hopes of one day being able to enter the world cup by becoming a member of the national team, kakeru trains harder than anyone else. he isn’t alone in this quest for glory, though. kakeru's childhood friend, nana, is a soccer prodigy of her own, with the wicked nickname “little witch”. she is a top-ranked player and is already playing for nadeshiko japan, the japanese women’s national team. nana's success gives kakeru the extra push he needs to reach for his goals. soccer and adolescent fervor combine for an epic, emotional ride. check it out for yourself in area no kishi!."
1099623,Gorokun,11917,Major: World Series,10,"title: major: world series. genres: sports. type: ova. episodes: unknown length. era: 2010s anime. source: manga. studio: synergysp. rating: pg-13 - teens 13 or older. synopsis: gorou shigeno's journey with the indiana hornets continues as they seek to win the prestigious world series. however, after an unexpected accident during the match with his fated rival, his quest in becoming the world's best becomes more challenging. undaunted, gorou continues to put the weight of his dreams into every pitch he makes, and forges a path towards his desired future through high-speed pitching.."
1099623,Gorokun,22,Tennis no Oujisama,10,"title: the prince of tennis. genres: sports. type: tv. episodes: unknown length. era: 2000s anime. source: manga. studio: trans arts. rating: pg-13 - teens 13 or older. synopsis: at the request of his father, tennis prodigy ryouma echizen has returned from america and is ready to take the japanese tennis scene by storm. aiming to become the best tennis player in the country, he enrolls in seishun academy—home to one of the best middle school tennis teams in japan. after ryouma catches the captain's eye, he finds himself playing for a spot on the starting lineup in the intra-school ranking matches despite only being a freshman. due to his age, the rest of the seishun boys' tennis team are initially reluctant to accept him, but his skill and determination convinces them to let him in. armed with their new ""super rookie,"" seishun sets out to claim a spot in the national tournament, hoping to take the coveted title for themselves. in order to do so, the team must qualify by playing through the tokyo prefectural and kanto regionals. yet, the road ahead of them is shared by a plethora of strong schools, each playing tennis in unique ways for their own reasons. ryouma and his teammates must learn to cooperate if they want to become the champions they aspire to be.."
1099623,Gorokun,1065,Touch,10,"title: touch. genres: drama, romance, sports. type: tv. episodes: unknown length. era: classic anime. source: manga. studio: group tac. rating: pg-13 - teens 13 or older. synopsis: the story centers around three characters—uesugi kazuya, his twin older brother tatsuya, and asakura minami. kazuya is the darling of his town as he's talented, hardworking, and the ace pitcher for his middle school baseball team. tatsuya is a hopeless slacker who's been living the life of giving up the spotlight to kazuya, despite the fact that he may be more gifted than him. minami is the beautiful childhood girlfriend and for all intents, sister from next door who treats both of them as equals. society largely assumes kazuya and minami will become the perfect couple, including tatsuya. yet as time progresses, tatsuya grows to realize that he's willing to sacrifice anything for the sake of his brother, except at the expense of giving up minami to kazuya. and thus the story is told of tatsuya trying to prove himself over his established younger brother, how it affects the relationship between the three, and both brothers' attempts to make minami's lifelong dreams come true.."
1099623,Gorokun,388,Capeta,10,"title: capeta. genres: sports. type: tv. episodes: unknown length. era: 2000s anime. source: manga. studio: studio comet. rating: pg - children. synopsis: after losing his mother at a very young age, elementary school student capeta taira is forced to become more independent to avoid his father worrying for him. working in a paving company, his father is often busy and has to work overtime to make ends meet. however, no matter how tough he acts in front of his father, capeta is ultimately just a lonely kid with a rough life. in addition to his typical house duties, he has to deal with the bully nobu andou which makes him feel worse, despite support from his classmate, monami suzuki. one day, capeta's father sees young go-kart drivers racing at high speeds and gets inspired by the scene. he then decides to collect scrapped parts available on the track and begins working on a gift for his son. meanwhile, capeta and monami sneak into his workplace, suspecting that his father is up to something. much to their surprise, they see a go-kart built from discarded parts—with capeta's name attached to it! although it lacks an engine and looks worn out, the kart is mostly complete and functional. despite the heavy rain, capeta cannot resist the urge to try out this new machinery. as he drives the kart downhill on a wet road, an incident that is almost a dangerous accident instead becomes a thrilling obsession. no longer bored with life, the engine of capeta's heart is ignited with a new passion as he journeys into the world of racing.."
1099623,Gorokun,1674,Captain Tsubasa J,10,"title: captain tsubasa j. genres: sports. type: tv. episodes: unknown length. era: 90s anime. source: manga. studio: studio comet. rating: g - all ages. synopsis: the first 33 episodes are a summary of the previous series. in the first new episodes a new character, shingo aoi, (playing in italy) is introduced. after that the world cup begins, this time with extraordinary, new countries like sweden, thailand or uzbekistan. (source: ann)."
1099623,Gorokun,2120,Captain Tsubasa: Asu ni Mukatte Hashire!,10,"title: captain tsubasa: asu ni mukatte hashire!. genres: sports. type: movie. episodes: unknown length. era: classic anime. source: source unknown. studio: tsuchida productions. rating: g - all ages. synopsis: the third captain tsubasa movie is basically about a training match of the all japan boy soccer team, but most of the time you see flashbacks of former matches, for instance the final match nankatsu vs. toho or when wakabayashi challenges team captains of different sports. (source: ann)."
1099623,Gorokun,2119,Captain Tsubasa: Ayaushi! Zen Nihon Jr.,10,"title: captain tsubasa: ayaushi! zen nihon jr.. genres: sports. type: movie. episodes: unknown length. era: classic anime. source: source unknown. studio: tsuchida productions. rating: g - all ages. synopsis: the second movie is about the return match between the all europe soccer team and japan. at the beginning hyuga denies to join the team due to his 3. defeat against nankatsu. he practices hard with kyra to perfect his tiger shot. misaki can't come and wakabayashi isn't allowed to play for he normally plays for a german team. with those lacks and schneider's (the european's captain) improved skills, tsubasa and the japanese team have grave problems. despite the new rules, schneider finally want's to beat his rival wakabayashi with his new ""illusion shot"", thus he injures wakashimazu and murisaki (the second and third goal keeper) with brutal face shots until wakabayashi is finally allowed to play. in the course of the match hyuga manages to perfect his tiger shot and joins the team. with those legendary players united and hyugas new power they manage to defeat their opponent 4:3 in the last minutes. (source: ann)."
1099623,Gorokun,2118,Captain Tsubasa: Europe Daikessen,10,"title: captain tsubasa: europe daikessen. genres: sports. type: movie. episodes: unknown length. era: classic anime. source: source unknown. studio: tsuchida productions. rating: g - all ages. synopsis: the first captain tsubasa movie is about a match between an ""all europe boy soccer team"" and an ""all japan boy soccer team"" and takes place at the end of the first tv series. when the japanese team arrives in europe they meet incredible players with skills and strength they never had to face before. (source: ann)."
1099623,Gorokun,1614,Captain Tsubasa: Road to 2002,10,"title: captain tsubasa. genres: sports. type: tv. episodes: unknown length. era: 2000s anime. source: manga. studio: group tac. rating: pg-13 - teens 13 or older. synopsis: tsubasa oozora loves everything about soccer: the cheer of the crowd, the speed of the ball, the passion of the players, and the excitement that comes from striving to be the best soccer player he can be. his goal is to aim for the world cup, and to do that, he’s spent countless hours practicing soccer, ever since the moment he could walk on two legs. now, as he plays for the barcelona team in a fierce game, it seems as though his dreams are on the verge of coming true. captain tsubasa: road to 2002 tells the story of how tsubasa climbed his way through the ranks, featuring his roots in the town of nankatsu as well as his epic journey to master the art of soccer.."
1099623,Gorokun,2122,Captain Tsubasa: Saikyou no Teki! Holland Youth,10,"title: captain tsubasa: saikyou no teki! holland youth. genres: sports. type: ova. episodes: unknown length. era: 90s anime. source: source unknown. studio: animate film. rating: g - all ages. synopsis: the last captain tsubasa movie is about the match between japan and holland. after the japanese team lost two games against this apparently supreme opponent, their confidence is at its lowest point and even hyuga, having a hurt leg, is desperate. thus the management tries everything to convince wakabayashi (living in germany) and tsubasa (living in brazil) to come to holland and to help them, but both deny. only in the second half of the third game tsubasa appears and joins the team, giving them back their confidence and strength. with tsubasa ozora as their captain again, the last game ends 11:1 for japan. (source: ann)."
1099623,Gorokun,2121,Captain Tsubasa: Sekai Daikessen!! Jr. World Cup,10,"title: captain tsubasa: sekai daikessen!! jr. world cup. genres: sports. type: movie. episodes: unknown length. era: classic anime. source: source unknown. studio: tsuchida productions. rating: g - all ages. synopsis: in the fourth movie, the classical japan-europe match becomes intercontinental. this time they arrange a world cup with 4 teams: japan, usa, ""all europe"", and ""all south america"". in the first match, japan easily defeats the usa 3:0 and in the second match europe loses 2:3 against south america. in the final round s.a. shows their ""soccer cyborg"" carlos santana, a more than supreme player who seems to be undefeatable. all their classical tricks like hyugas ""tiger shot"" or tsubasas ""top spin"" seem to be totally worthless, but in a hard and spectacular match the japanese learn more and more to play in unison and finally they get the win. (source: ann)."
1099623,Gorokun,5941,Cross Game,10,"title: cross game. genres: drama, romance, sports. type: tv. episodes: unknown length. era: 2000s anime. source: manga. studio: synergysp. rating: pg-13 - teens 13 or older. synopsis: kou kitamura and aoba tsukishima are often at odds—even though their families happen to be close friends and business partners. although the only child of a sports shop owner, kou has never been interested in playing baseball. despite this, he possesses an impressive batting ability honed by frequent visits to the local baseball batting center run by the tsukushima family. on the other hand, aoba loves to play baseball and is a star player with exceptional pitching form. however, these two seemingly complete opposites share something very important to them—wakaba tsukishima, aoba's older sister and kou's destined sweetheart. admired by the quarrelsome duo, wakaba often finds herself the catalyst to their never-ending rivalry. but whether or not they realize that they have more in common than either would care to admit, only time will tell. the game of baseball may just be what the pair needs to ultimately overcome their own personal struggles.."
1099623,Gorokun,15,Eyeshield 21,10,"title: eyeshield 21. genres: sports. type: tv. episodes: unknown length. era: 2000s anime. source: manga. studio: gallop. rating: pg-13 - teens 13 or older. synopsis: shy, reserved, and small-statured, deimon high school student sena kobayakawa is the perfect target for bullies. however, as a result of running errands throughout his life, sena has become agile and developed a skill for avoiding crowds of people. after the cunning youichi hiruma—captain of the deimon devil bats football team—witnesses sena's rapid legs in motion, he coerces the timid boy into joining his squad. as hiruma wants to conceal sena's identity from other clubs, sena is forced to hide under the visored helmet of ""eyeshield 21,"" a mysterious running back wearing the number 21 jersey. the legendary eyeshield 21 can supposedly run at the speed of light and has achieved remarkable feats in the united states during his time at the notre dame college. accustomed to avoiding his problems in the past, sena's specialty might just help him become the new secret weapon of the deimon devil bats. as he interacts with his teammates, sena gradually gains more self-confidence and forges valuable bonds along the way.."
1099623,Gorokun,263,Hajime no Ippo,10,"title: fighting spirit. genres: sports. type: tv. episodes: unknown length. era: 2000s anime. source: manga. studio: madhouse. rating: pg-13 - teens 13 or older. synopsis: in his father's absence, teenager ippo makunouchi works hard to help his mother run her fishing boat rental business. ippo's timid nature, his lack of sleep, and the sea smell make him an easy target for relentless bullies who leave him bruised and beaten on a daily basis. mamoru takamura, an up-and-coming boxer, rescues ippo from a violent after-school incident and takes him back to the kamogawa boxing gym for recovery. takamura and his fellow boxers, masaru aoki and tatsuya kimura, are stunned by ippo's powerful punches—a result of strong muscles developed through years serving his physically taxing family business. following brief training under takamura, ippo impresses the other boxers in a practice match against prodigy ichirou miyata. he gains a rival in miyata and a coach in genji kamogawa, the gym owner and a former boxer himself. as ippo takes the first steps in his official boxing career, he faces off against a series of challenging opponents, each more powerful than the last. victory, loss, and a cycle of dedicated training await ippo on his journey to achieve greatness. with his tough body and unstoppable fighting spirit, the kind young man seeks to take on the world.."
1226789,randomdelete,1535,Death Note,9,"title: death note. genres: supernatural, suspense. type: tv. episodes: unknown length. era: 2000s anime. source: manga. studio: madhouse. rating: r - 17+ (violence & profanity). synopsis: brutal murders, petty thefts, and senseless violence pollute the human world. in contrast, the realm of death gods is a humdrum, unchanging gambling den. the ingenious 17-year-old japanese student light yagami and sadistic god of death ryuk share one belief: their worlds are rotten. for his own amusement, ryuk drops his death note into the human world. light stumbles upon it, deeming the first of its rules ridiculous: the human whose name is written in this note shall die. however, the temptation is too great, and light experiments by writing a felon's name, which disturbingly enacts his first murder. aware of the terrifying godlike power that has fallen into his hands, light—under the alias kira—follows his wicked sense of justice with the ultimate goal of cleansing the world of all evil-doers. the meticulous mastermind detective l is already on his trail, but as light's brilliance rivals l's, the grand chase for kira turns into an intense battle of wits that can only end when one of them is dead.."
1226789,randomdelete,9253,Steins;Gate,9,"title: steins;gate. genres: drama, sci-fi, suspense. type: tv. episodes: unknown length. era: 2010s anime. source: visual novel. studio: white fox. rating: pg-13 - teens 13 or older. synopsis: eccentric scientist rintarou okabe has a never-ending thirst for scientific exploration. together with his ditzy but well-meaning friend mayuri shiina and his roommate itaru hashida, rintarou founds the future gadget laboratory in the hopes of creating technological innovations that baffle the human psyche. despite claims of grandeur, the only notable ""gadget"" the trio have created is a microwave that has the mystifying power to turn bananas into green goo. however, when rintarou decides to attend neuroscientist kurisu makise's conference on time travel, he experiences a series of strange events that lead him to believe that there is more to the ""phone microwave"" gadget than meets the eye. apparently able to send text messages into the past using the microwave, rintarou dabbles further with the ""time machine,"" attracting the ire and attention of the mysterious organization sern. due to the novel discovery, rintarou and his friends find themselves in an ever-present danger. as he works to mitigate the damage his invention has caused to the timeline, he is not only fighting a battle to save his loved ones, but also one against his degrading sanity.."
1226789,randomdelete,9756,Mahou Shoujo Madoka★Magica,8,"title: puella magi madoka magica. genres: award winning, drama, suspense. type: tv. episodes: unknown length. era: 2010s anime. source: original. studio: shaft. rating: pg-13 - teens 13 or older. synopsis: madoka kaname and sayaka miki are regular middle school girls with regular lives, but all that changes when they encounter kyuubey, a cat-like magical familiar, and homura akemi, the new transfer student. kyuubey offers them a proposition: he will grant any one of their wishes and in exchange, they will each become a magical girl, gaining enough power to fulfill their dreams. however, homura akemi, a magical girl herself, urges them not to accept the offer, stating that everything is not what it seems. a story of hope, despair, and friendship, mahou shoujo madoka★magica deals with the difficulties of being a magical girl and the price one has to pay to make a dream come true.."
1286221,LoreTalon,2104,Seto no Hanayome,10,"title: my bride is a mermaid. genres: comedy, romance. type: tv. episodes: unknown length. era: 2000s anime. source: manga. studio: gonzo, aic. rating: pg-13 - teens 13 or older. synopsis: during his summer vacation, middle school student nagasumi michishio travels to the seto inland sea. one day, while swimming at mio sun beach, his leg suddenly cramps. no one is close enough to notice his desperate screams for help, and so he sinks into the ocean, where he is left to drown alone. just as he loses consciousness, however, a mermaid appears and saves his life. that night, nagasumi is visited by his savior, a girl who introduces herself as sun seto—a mermaid from a yakuza family. as it turns out, under mermaid law, a mermaid whose identity is revealed to a human must be punished by execution. to avoid this harrowing outcome, the seto family propose a solution: nagasumi must marry sun or die at the hands of gouzaburou, sun's father and boss of the seto clan. faced with no other option, nagasumi takes her hand in marriage. now, the newlyweds face the difficult task of keeping their relationship secret. between gouzaburou's unending attempts on nagasumi's life and the eccentric antics of a slew of antagonists, a genuine and innocent love blossoms between the pair as they adapt to their new life.."
1286221,LoreTalon,11757,Sword Art Online,9,"title: sword art online. genres: action, adventure, fantasy, romance. type: tv. episodes: unknown length. era: 2010s anime. source: light novel. studio: a-1 pictures. rating: pg-13 - teens 13 or older. synopsis: ever since the release of the innovative nervegear, gamers from all around the globe have been given the opportunity to experience a completely immersive virtual reality. sword art online (sao), one of the most recent games on the console, offers a gateway into the wondrous world of aincrad, a vivid, medieval landscape where users can do anything within the limits of imagination. with the release of this worldwide sensation, gaming has never felt more lifelike. however, the idyllic fantasy rapidly becomes a brutal nightmare when sao's creator traps thousands of players inside the game. the ""log-out"" function has been removed, with the only method of escape involving beating all of aincrad's one hundred increasingly difficult levels. adding to the struggle, any in-game death becomes permanent, ending the player's life in the real world. while kazuto ""kirito"" kirigaya was fortunate enough to be a beta-tester for the game, he quickly finds that despite his advantages, he cannot overcome sao's challenges alone. teaming up with asuna yuuki and other talented players, kirito makes an effort to face the seemingly insurmountable trials head-on. but with difficult bosses and threatening dark cults impeding his progress, kirito finds that such tasks are much easier said than done.."
1286221,LoreTalon,195,Onegai☆Teacher,9,"title: please teacher!. genres: drama, romance, sci-fi. type: tv. episodes: unknown length. era: 2000s anime. source: original. studio: daume. rating: pg-13 - teens 13 or older. synopsis: one day, kei kusanagi notices a strange glowing woman by the lake. he discovers that the woman is actually an alien officer from the galaxy federation named mizuho kazami, and even more shocking—she's also his teacher! in spite of this setback, he and his teacher gradually get to know each other and a romance blossoms between them. however, soon enough, the principal of the school finds out about their relationship. the solution? get married! together, the newlyweds must keep their marriage a secret, not only from kei's high school friends, but also the galaxy federation. onegai☆teacher is the fragile but comedic love story of an alien and her student.."
1286221,LoreTalon,4214,Rosario to Vampire Capu2,9,"title: rosario + vampire capu2. genres: comedy, fantasy, romance, ecchi. type: tv. episodes: unknown length. era: 2000s anime. source: manga. studio: gonzo. rating: pg-13 - teens 13 or older. synopsis: it has been one year since tsukune aono enrolled at youkai academy, and since then his life has taken an interesting turn. in addition to being the only human at a school for monsters, he has attracted a bevy of beautiful women who want him all for themselves: the sexy succubus kurumu kurono; yukari sendou, a witch; stalker and yuki-onna mizore shirayuki; and moka akashiya, a kind vampire who, when her rosary is removed, reveals a darker personality. but soon, trouble visits youkai academy in the form of moka's younger sister, kokoa shuzen. she is furious that her ""true older sister"" is sealed within moka's rosary, and vows to bring out moka's darker self. however, kokoa's thoughtless actions may affect more than just her sister...."
1286221,LoreTalon,10719,Boku wa Tomodachi ga Sukunai,8,"title: haganai: i don't have many friends. genres: comedy, romance, ecchi. type: tv. episodes: unknown length. era: 2010s anime. source: light novel. studio: aic build. rating: r+ - mild nudity. synopsis: when kodaka hasegawa finds out that he will be transferring to a new school, he is determined to make a positive impression, and maybe even some friends. however, kodaka discovers he is out of luck when he immediately gets labeled as a violent delinquent due to his blond hair and intimidating expression. although a month has passed, kodaka is still alone thanks to his notorious reputation. however, his life begins to change when he finds fellow loner yozora mikazuki talking to her imaginary friend in an empty classroom. after sharing stories of their lonely high school life, kodaka and yozora decide to overcome the difficulties of making friends together by starting the neighbor's club. created for people who don't have friends, daily activities involve learning social skills and how to fit in, which will hopefully allow them to make friends. joined by the eroge-loving sena kashiwazaki, and other eccentric outcasts, kodaka may finally have managed to find people he can call friends, in this club filled with hilarious oddballs.."
1286221,LoreTalon,1555,Tokimeki Memorial: Only Love,8,"title: tokimeki memorial. genres: comedy, romance. type: tv. episodes: unknown length. era: 2000s anime. source: game. studio: aic asta. rating: pg-13 - teens 13 or older. synopsis: aoba riku has just transferred to a new high school because of his father's job, and things aren't quite what he expected. the headmaster's secretary controls the school while espousing the virtues of academic freedom, the teachers are even stranger than normal teachers, and half the student body is walking around with animal ears on. on his very first day, riku is unfortunate enough to find himself at the center of the student council's latest event, which has him running for his life. all this on top of the normal high school rigour of popularity contests, crushes, and homework makes it unsure whether riku will be able to survive this new school. (source: ann)."
